,Pclass,Sex,Age,SibSp,Parch,Fare,Embarked,Family,Alone
651,2,0.0,-0.9024630388829106,0,1,-0.1873183076751746,2.0,1,1
618,2,0.0,-1.962452330131817,2,1,0.1382681628633569,2.0,3,1
443,2,0.0,-0.14532783084797732,0,0,-0.3908098517617568,2.0,0,0
136,1,0.0,-0.8267495180794172,0,2,-0.12050592900522707,2.0,2,1
201,3,1.0,-0.01668165152980672,8,2,0.7599348300478654,2.0,10,1
523,1,0.0,1.0660885020079158,0,1,0.5244788342161629,0.0,1,1
163,3,1.0,-0.9781765596864039,0,0,-0.4790743090093118,2.0,0,0
450,2,1.0,0.46038033557996927,1,2,-0.09065982423404807,2.0,3,1
551,2,1.0,-0.22104135165147065,0,0,-0.12627084444919995,2.0,0,0
223,3,1.0,-0.01668165152980672,0,0,-0.4946760056944301,2.0,0,0
670,2,0.0,0.7632344187939426,1,1,0.1382681628633569,2.0,2,1
514,3,1.0,-0.4481819140619506,0,0,-0.5028156674578934,2.0,0,0
255,3,0.0,-0.069614310044484,0,2,-0.3451097207907922,0.0,2,1
436,3,0.0,-0.6753224764724306,2,2,0.04415332372331264,2.0,4,1
109,3,0.0,-0.01668165152980672,1,0,-0.16391678010521768,1.0,1,1
661,3,1.0,0.7632344187939426,0,0,-0.508326218471758,0.0,0,0
788,3,1.0,-2.189592892542297,1,2,-0.2366650071161708,2.0,3,1
285,3,1.0,0.2332397731694893,0,0,-0.4790743090093118,0.0,0,0
300,3,0.0,-0.01668165152980672,0,0,-0.4976429124072125,1.0,0,0
331,1,1.0,1.1796587832131558,0,0,-0.07539795842755441,2.0,0,0
560,3,1.0,-0.01668165152980672,0,0,-0.4976429124072125,1.0,0,0
352,3,1.0,-1.1296036012933905,1,1,-0.5082407520232417,0.0,2,1
859,3,1.0,-0.01668165152980672,0,0,-0.5082407520232417,0.0,0,0
368,3,0.0,-0.01668165152980672,0,0,-0.4976429124072125,1.0,0,0
53,2,0.0,-0.069614310044484,1,0,-0.12627084444919995,2.0,1,1
787,3,1.0,-1.6595982469178439,4,1,-0.06267973692214301,1.0,5,1
38,3,0.0,-0.9024630388829106,2,0,-0.2890640797184657,2.0,2,1
17,2,1.0,-0.01668165152980672,0,0,-0.3908098517617568,2.0,0,0
489,3,1.0,-1.5838847261143505,1,1,-0.33179730397664803,2.0,2,1
454,3,1.0,-0.01668165152980672,0,0,-0.491538166084615,2.0,0,0
273,1,1.0,0.5360938563834626,0,1,-0.050978973137164554,0.0,1,1
117,2,1.0,-0.069614310044484,1,0,-0.22801661649249105,2.0,1,1
118,1,1.0,-0.4481819140619506,0,1,4.381490119480296,0.0,1,1
365,3,1.0,0.006099210759009327,0,0,-0.5078174896115416,2.0,0,0
179,3,1.0,0.46038033557996927,0,0,-0.6553488590743137,2.0,0,0
92,1,1.0,1.2175155436149026,1,0,0.5895106618753528,2.0,1,1
268,1,0.0,2.1260777932568224,0,1,2.4674832493643986,2.0,1,1
409,3,0.0,-0.01668165152980672,3,1,-0.1371230484953374,2.0,4,1
354,3,1.0,-0.01668165152980672,0,0,-0.508326218471758,0.0,0,0
466,2,1.0,-0.01668165152980672,0,0,-0.6553488590743137,2.0,0,0
286,3,1.0,0.006099210759009327,0,0,-0.4620318921920606,2.0,0,0
819,3,1.0,-1.5081712053108571,3,2,-0.08760745107274936,2.0,5,1
348,3,1.0,-2.0381658509353104,1,1,-0.33179730397664803,2.0,2,1
65,3,1.0,-0.01668165152980672,1,1,-0.3451097207907922,0.0,2,1
602,1,1.0,-0.01668165152980672,0,0,0.20745528785279482,2.0,0,0
435,1,0.0,-1.205317122096884,1,2,1.7865496699646728,2.0,3,1
518,2,0.0,0.46038033557996927,1,0,-0.12627084444919995,2.0,1,1
275,1,0.0,2.504645397274289,1,0,0.9310366250621863,2.0,1,1
449,1,1.0,1.6717966684358625,0,0,-0.03469964961023796,2.0,0,0
369,1,0.0,-0.4481819140619506,0,0,0.7548475414457009,0.0,0,0
143,3,1.0,-0.8267495180794172,0,0,-0.5179920668158707,1.0,0,0
552,3,1.0,-0.01668165152980672,0,0,-0.49603125937804676,1.0,0,0
836,3,1.0,-0.6753224764724306,0,0,-0.4790743090093118,2.0,0,0
746,3,1.0,-1.0538900804898972,1,1,-0.24327848229898472,2.0,2,1
469,3,0.0,-2.2085212727431704,2,1,-0.26345873872605113,0.0,3,1
535,2,0.0,-1.7353117677213372,0,2,-0.1211835558470354,2.0,2,1
474,3,0.0,-0.5996089556689372,0,0,-0.45516405257913845,2.0,0,0
315,3,0.0,-0.29675487245496396,0,0,-0.4955225305178303,2.0,0,0
357,2,0.0,0.6118073771869559,0,0,-0.3908098517617568,2.0,0,0
172,3,0.0,-2.189592892542297,1,1,-0.4287956182963992,2.0,2,1
792,3,0.0,-0.01668165152980672,8,2,0.7599348300478654,2.0,10,1
549,2,1.0,-1.6595982469178439,1,1,0.09248256544387591,2.0,2,1
175,3,1.0,-0.9024630388829106,1,1,-0.4955225305178303,2.0,2,1
289,3,0.0,-0.5996089556689372,0,0,-0.4976429124072125,1.0,0,0
280,3,1.0,2.6560724388812758,0,0,-0.4976429124072125,1.0,0,0
710,1,0.0,-0.4481819140619506,0,0,0.3520197506027845,0.0,0,0
91,3,1.0,-0.751035997275924,0,0,-0.4955225305178303,2.0,0,0
141,3,0.0,-0.5996089556689372,0,0,-0.4976429124072125,2.0,0,0
876,3,1.0,-0.751035997275924,0,0,-0.4549951545975466,2.0,0,0
837,3,1.0,-0.01668165152980672,0,0,-0.491538166084615,2.0,0,0
252,1,1.0,2.428931876470796,0,0,-0.11507880952443791,2.0,0,0
455,3,1.0,-0.069614310044484,0,0,-0.4946760056944301,0.0,0,0
476,2,1.0,0.3089532939729826,1,0,-0.22801661649249105,2.0,1,1
629,3,1.0,-0.01668165152980672,0,0,-0.4979827432858371,1.0,0,0
625,1,1.0,2.3532183556673023,0,0,0.0023520907370468917,2.0,0,0
764,3,1.0,-1.0538900804898972,0,0,-0.49713418354699607,2.0,0,0
411,3,1.0,-0.01668165152980672,0,0,-0.515788253393413,1.0,0,0
873,3,1.0,1.293229064418396,0,0,-0.4722064693963897,2.0,0,0
727,3,0.0,-0.01668165152980672,0,0,-0.49789727683732066,1.0,0,0
122,2,1.0,0.19538301276774264,1,0,-0.043433506682434106,0.0,1,1
706,2,0.0,1.1418020228114092,0,0,-0.3806352745574277,2.0,0,0
583,1,1.0,0.46038033557996927,0,0,0.1611609615730974,0.0,0,0
22,3,0.0,-1.1296036012933905,0,0,-0.49196142849631513,1.0,0,0
821,3,1.0,-0.22104135165147065,0,0,-0.4790743090093118,2.0,0,0
634,3,0.0,-1.5838847261143505,3,2,-0.08760745107274936,2.0,5,1
831,2,1.0,-2.202464191078891,1,1,-0.27380221391197207,2.0,2,1
242,2,1.0,-0.069614310044484,0,0,-0.4416827377834024,2.0,0,0
123,2,0.0,0.19538301276774264,0,0,-0.3908098517617568,2.0,0,0
44,3,0.0,-0.8267495180794172,0,0,-0.49501380165761383,1.0,0,0
257,1,0.0,0.006099210759009327,0,0,1.1048529972746224,2.0,0,0
224,1,1.0,0.6118073771869559,1,0,1.176075037704926,2.0,1,1
716,1,0.0,0.6118073771869559,0,0,3.974592497755648,0.0,0,0
495,3,1.0,-0.01668165152980672,0,0,-0.3611346798876105,0.0,0,0
89,3,1.0,-0.4481819140619506,0,0,-0.491538166084615,2.0,0,0
19,3,0.0,-0.01668165152980672,0,0,-0.508326218471758,0.0,0,0
305,1,1.0,-2.1956499742065763,1,2,2.42856549155784,2.0,3,1
332,1,1.0,0.6118073771869559,0,1,2.4674832493643986,2.0,1,1
322,2,0.0,0.006099210759009327,0,0,-0.40403680212738463,1.0,0,0
462,1,1.0,1.293229064418396,0,0,0.1280935856590278,2.0,0,0
576,2,0.0,0.3089532939729826,0,0,-0.3908098517617568,2.0,0,0
371,3,1.0,-0.9024630388829106,1,0,-0.5231648218665517,2.0,1,1
703,3,1.0,-0.3724683932584573,0,0,-0.4978118103888043,1.0,0,0
49,3,0.0,-0.9024630388829106,1,0,-0.29313391060019733,2.0,1,1
278,3,1.0,-1.7353117677213372,4,1,-0.06267973692214301,1.0,5,1
667,3,1.0,-0.01668165152980672,0,0,-0.49713418354699607,2.0,0,0
718,3,1.0,-0.01668165152980672,0,0,-0.3399369657401113,1.0,0,0
403,3,1.0,-0.14532783084797732,1,0,-0.33281476169708085,2.0,1,1
381,3,0.0,-2.189592892542297,0,2,-0.33501857511953853,0.0,2,1
774,2,0.0,1.8232237100428492,1,3,-0.1873183076751746,2.0,4,1
465,3,1.0,0.6118073771869559,0,0,-0.5118873204932732,2.0,0,0
240,3,0.0,-0.01668165152980672,1,0,-0.36121811142068605,0.0,1,1
288,2,1.0,0.9146614604009292,0,0,-0.3908098517617568,2.0,0,0
871,1,0.0,1.293229064418396,1,1,0.4140846715491922,2.0,2,1
309,1,0.0,0.006099210759009327,0,0,0.5031122220870718,0.0,0,0
132,3,0.0,1.293229064418396,1,0,-0.3602861201487695,2.0,1,1
425,3,1.0,-0.01668165152980672,0,0,-0.5078174896115416,2.0,0,0
508,3,1.0,-0.14532783084797732,0,0,-0.1969841560192873,2.0,0,0
685,2,1.0,-0.3724683932584573,1,2,0.19075270191416818,0.0,3,1
587,1,1.0,2.277504834863809,1,1,0.9563041700914174,0.0,2,1
754,2,0.0,1.3689425852218893,1,2,0.6673461774884706,2.0,3,1
338,3,1.0,1.1418020228114092,0,0,-0.491538166084615,2.0,0,0
830,3,0.0,-1.1296036012933905,1,0,-0.36121811142068605,0.0,1,1
360,3,1.0,0.7632344187939426,1,4,-0.08760745107274936,2.0,5,1
572,1,1.0,0.46038033557996927,0,0,-0.11838554711584491,2.0,0,0
58,2,0.0,-1.8867388093283237,1,2,-0.09065982423404807,2.0,3,1
655,2,1.0,-0.4481819140619506,2,0,0.8403139899620655,2.0,2,1
700,1,0.0,-0.9024630388829106,1,0,3.974592497755648,0.0,1,1
861,2,1.0,-0.6753224764724306,1,0,-0.42133358337474414,2.0,1,1
433,3,1.0,-0.9781765596864039,0,0,-0.5103611339126238,2.0,0,0
833,3,1.0,-0.523895434865444,0,0,-0.4955225305178303,2.0,0,0
191,2,1.0,-0.8267495180794172,0,0,-0.3908098517617568,2.0,0,0
496,1,0.0,1.8232237100428492,1,0,0.9373123042818167,0.0,1,1
527,1,1.0,-0.01668165152980672,0,0,3.8576703263543797,2.0,0,0
722,2,1.0,0.3089532939729826,0,0,-0.3908098517617568,2.0,0,0
55,1,1.0,-0.01668165152980672,0,0,0.06704612243305313,2.0,0,0
54,1,1.0,2.6560724388812758,0,1,0.6058754518507958,0.0,1,1
415,3,0.0,-0.01668165152980672,0,0,-0.491538166084615,2.0,0,0
570,2,1.0,2.428931876470796,0,0,-0.4416827377834024,2.0,0,0
304,3,1.0,-0.01668165152980672,0,0,-0.491538166084615,2.0,0,0
813,3,0.0,-1.8110252885248304,4,2,-0.01892905494352787,2.0,6,1
811,3,1.0,0.6875208979904492,0,0,-0.16391678010521768,2.0,0,0
522,3,1.0,-0.01668165152980672,0,0,-0.508326218471758,0.0,0,0
251,3,0.0,-0.069614310044484,1,1,-0.4424458310737271,2.0,2,1
422,3,1.0,-0.069614310044484,0,0,-0.4950992681061302,2.0,0,0
776,3,1.0,-0.01668165152980672,0,0,-0.4976429124072125,1.0,0,0
417,2,0.0,-0.9024630388829106,0,2,-0.3908098517617568,2.0,2,1
234,2,1.0,-0.4481819140619506,0,0,-0.4416827377834024,2.0,0,0
77,3,1.0,-0.01668165152980672,0,0,-0.491538166084615,2.0,0,0
326,3,1.0,2.3532183556673023,0,0,-0.528421008450308,2.0,0,0
48,3,1.0,-0.01668165152980672,2,0,-0.21419547081813037,0.0,2,1
841,2,1.0,-1.0538900804898972,0,0,-0.4416827377834024,2.0,0,0
129,3,1.0,1.1418020228114092,0,0,-0.5134135070739225,2.0,0,0
690,1,1.0,0.08181273156250266,1,0,0.5045529422192049,2.0,1,1
294,3,1.0,-0.4481819140619506,0,0,-0.4946760056944301,2.0,0,0
51,3,1.0,-0.6753224764724306,0,0,-0.49662545468677954,2.0,0,0
21,2,1.0,0.3089532939729826,0,0,-0.3908098517617568,2.0,0,0
510,3,1.0,-0.069614310044484,0,0,-0.4976429124072125,1.0,0,0
571,1,0.0,1.7475101892393559,2,0,0.39220933055988455,2.0,2,1
820,1,0.0,1.6717966684358625,1,1,1.24729707813523,2.0,2,1
713,3,1.0,-0.069614310044484,0,0,-0.4623717230706852,2.0,0,0
85,3,0.0,0.2332397731694893,3,0,-0.33281476169708085,2.0,3,1
562,2,1.0,-0.14532783084797732,0,0,-0.3806352745574277,2.0,0,0
446,2,0.0,-1.2810306429003773,0,1,-0.2585403481054784,2.0,1,1
233,3,0.0,-1.8867388093283237,4,2,-0.016639775072553806,2.0,6,1
497,3,1.0,-0.01668165152980672,0,0,-0.34807662750357454,2.0,0,0
401,3,1.0,-0.29675487245496396,0,0,-0.491538166084615,2.0,0,0
303,2,0.0,-0.01668165152980672,0,0,-0.40403680212738463,1.0,0,0
592,3,1.0,1.293229064418396,0,0,-0.5078174896115416,2.0,0,0
418,2,1.0,0.006099210759009327,0,0,-0.3908098517617568,2.0,0,0
728,2,1.0,-0.3724683932584573,1,0,-0.12627084444919995,2.0,1,1
416,2,0.0,0.3089532939729826,1,1,0.005998659207078477,2.0,2,1
68,3,0.0,-0.9781765596864039,4,2,-0.49408181038569726,2.0,6,1
692,3,1.0,-0.01668165152980672,0,0,0.49429289856635944,2.0,0,0
193,2,1.0,-2.0381658509353104,1,1,-0.12627084444919995,2.0,2,1
72,2,1.0,-0.6753224764724306,0,0,0.8403139899620655,2.0,0,0
589,3,1.0,-0.01668165152980672,0,0,-0.491538166084615,2.0,0,0
468,3,1.0,-0.01668165152980672,0,0,-0.4981516412674289,1.0,0,0
292,2,1.0,0.46038033557996927,0,0,-0.3933534960628391,0.0,0,0
157,3,1.0,0.006099210759009327,0,0,-0.491538166084615,2.0,0,0
6,1,1.0,1.8232237100428492,0,0,0.4000091614447232,2.0,0,0
78,2,1.0,-2.202464191078891,0,2,-0.0652233812232253,2.0,2,1
423,3,0.0,-0.14532783084797732,1,1,-0.36232103558963535,2.0,2,1
714,2,1.0,1.6717966684358625,0,0,-0.3908098517617568,2.0,0,0
217,2,1.0,0.9146614604009292,1,0,-0.10592169004054174,2.0,1,1
128,3,0.0,-0.01668165152980672,1,1,-0.20037636005921058,0.0,2,1
145,2,1.0,-0.8267495180794172,1,1,0.09248256544387591,2.0,2,1
293,3,0.0,-0.4481819140619506,0,0,-0.4752588425576884,2.0,0,0
775,3,1.0,-0.9024630388829106,0,0,-0.4976429124072125,2.0,0,0
160,3,1.0,1.0660885020079158,0,1,-0.3277274730949163,2.0,1,1
206,3,1.0,0.157526252365996,1,0,-0.33281476169708085,2.0,1,1
271,3,1.0,-0.3724683932584573,0,0,-0.6553488590743137,2.0,0,0
341,1,0.0,-0.4481819140619506,3,2,4.6964787504027985,2.0,5,1
113,3,0.0,-0.751035997275924,1,0,-0.4554184170092467,2.0,1,1
388,3,1.0,-0.01668165152980672,0,0,-0.4980661748189126,1.0,0,0
579,3,1.0,0.157526252365996,0,0,-0.49408181038569726,2.0,0,0
653,3,0.0,-0.01668165152980672,0,0,-0.49603125937804676,1.0,0,0
256,1,0.0,-0.01668165152980672,0,0,0.9563041700914174,0.0,0,0
566,3,1.0,-0.8267495180794172,0,0,-0.4946760056944301,2.0,0,0
12,3,1.0,-0.751035997275924,0,0,-0.491538166084615,2.0,0,0
279,3,0.0,0.38466681477647596,1,1,-0.24327848229898472,2.0,2,1
274,3,0.0,-0.01668165152980672,0,0,-0.4976429124072125,1.0,0,0
457,1,0.0,-0.01668165152980672,1,0,0.4000091614447232,2.0,1,1
656,3,1.0,-0.01668165152980672,0,0,-0.4946760056944301,2.0,0,0
804,3,1.0,-0.22104135165147065,0,0,-0.5134135070739225,2.0,0,0
216,3,0.0,-0.22104135165147065,0,0,-0.49408181038569726,2.0,0,0
686,3,1.0,-1.205317122096884,4,1,0.15225820651930944,2.0,5,1
253,3,1.0,0.006099210759009327,1,0,-0.3277274730949163,2.0,1,1
249,2,1.0,1.8232237100428492,1,0,-0.12627084444919995,2.0,1,1
88,1,0.0,-0.523895434865444,3,2,4.6964787504027985,2.0,5,1
125,3,1.0,-1.3567441637038704,1,0,-0.4265897699585005,0.0,1,1
612,3,0.0,-0.01668165152980672,1,0,-0.3399369657401113,1.0,1,1
93,3,1.0,-0.29675487245496396,1,2,-0.2366650071161708,2.0,3,1
866,2,0.0,-0.22104135165147065,1,0,-0.37334417253280544,0.0,1,1
800,2,1.0,0.3089532939729826,0,0,-0.3908098517617568,2.0,0,0
695,2,1.0,1.6717966684358625,0,0,-0.3806352745574277,2.0,0,0
198,3,0.0,-0.01668165152980672,0,0,-0.4976429124072125,1.0,0,0
364,3,1.0,-0.01668165152980672,1,0,-0.3399369657401113,1.0,1,1
603,3,1.0,1.0660885020079158,0,0,-0.491538166084615,2.0,0,0
47,3,0.0,-0.01668165152980672,0,0,-0.4976429124072125,1.0,0,0
668,3,1.0,0.9903749812044226,0,0,-0.491538166084615,2.0,0,0
211,2,0.0,0.38466681477647596,0,0,-0.22801661649249105,2.0,0,0
270,1,1.0,-0.01668165152980672,0,0,-0.024525072405908854,2.0,0,0
885,3,0.0,0.6875208979904492,0,5,-0.06267973692214301,1.0,5,1
152,3,1.0,1.9367939912480892,0,0,-0.491538166084615,2.0,0,0
441,3,1.0,-0.751035997275924,0,0,-0.4620318921920606,2.0,0,0
356,1,0.0,-0.5996089556689372,0,1,0.4638546334018884,2.0,1,1
834,3,1.0,-0.9024630388829106,0,0,-0.4864508774824504,2.0,0,0
306,1,0.0,-0.01668165152980672,0,0,1.6010325339672582,0.0,0,0
461,3,1.0,0.3089532939729826,0,0,-0.491538166084615,2.0,0,0
707,1,1.0,0.9146614604009292,0,0,-0.12042046255671068,2.0,0,0
393,1,0.0,-0.523895434865444,1,0,1.6497016065664465,0.0,1,1
391,3,1.0,-0.6753224764724306,0,0,-0.4967109211352959,2.0,0,0
45,3,1.0,-0.01668165152980672,0,0,-0.491538166084615,2.0,0,0
276,3,0.0,1.1418020228114092,0,0,-0.4976429124072125,2.0,0,0
888,3,0.0,-0.01668165152980672,1,2,-0.17816118819127844,2.0,3,1
799,3,0.0,0.006099210759009327,1,1,-0.16391678010521768,2.0,2,1
15,2,0.0,1.8989372308463424,0,0,-0.32976238853578216,2.0,0,0
169,3,1.0,-0.14532783084797732,0,0,0.49429289856635944,2.0,0,0
96,1,1.0,3.1103535637022355,0,0,0.049834807634210075,0.0,0,0
13,3,1.0,0.6875208979904492,1,5,-0.01892905494352787,2.0,6,1
760,3,1.0,-0.01668165152980672,0,0,-0.3602861201487695,2.0,0,0
76,3,1.0,-0.01668165152980672,0,0,-0.4946760056944301,2.0,0,0
244,3,1.0,0.006099210759009327,0,0,-0.508326218471758,0.0,0,0
329,1,0.0,-1.0538900804898972,0,1,0.5244788342161629,0.0,1,1
84,2,0.0,-0.9781765596864039,0,0,-0.4416827377834024,2.0,0,0
440,2,0.0,1.1418020228114092,1,1,-0.1211835558470354,2.0,2,1
378,3,1.0,-0.751035997275924,0,0,-0.5736978770095725,0.0,0,0
107,3,1.0,-0.01668165152980672,0,0,-0.49713418354699607,2.0,0,0
40,3,0.0,0.7632344187939426,1,0,-0.462540621052277,2.0,1,1
501,3,0.0,-0.6753224764724306,0,0,-0.4976429124072125,1.0,0,0
432,2,0.0,0.9146614604009292,1,0,-0.12627084444919995,2.0,1,1
387,2,0.0,0.46038033557996927,0,0,-0.3908098517617568,2.0,0,0
156,3,0.0,-1.0538900804898972,0,0,-0.4979827432858371,1.0,0,0
26,3,1.0,-0.01668165152980672,0,0,-0.508326218471758,0.0,0,0
327,2,0.0,0.46038033557996927,0,0,-0.3908098517617568,2.0,0,0
325,1,0.0,0.46038033557996927,0,0,2.1046741055815494,0.0,0,0
140,3,0.0,-0.01668165152980672,0,2,-0.3451097207907922,0.0,2,1
60,3,1.0,-0.5996089556689372,0,0,-0.5082407520232417,0.0,0,0
650,3,1.0,-0.01668165152980672,0,0,-0.4946760056944301,2.0,0,0
174,1,1.0,1.9746507516498357,0,0,-0.030715285177022714,0.0,0,0
622,3,1.0,-0.751035997275924,1,1,-0.33501857511953853,0.0,2,1
155,1,1.0,1.5960831476323691,0,1,0.593665959205601,0.0,1,1
340,2,1.0,-2.1138793717388036,1,1,-0.12627084444919995,2.0,2,1
262,1,1.0,1.6717966684358625,1,1,0.9654612895753136,2.0,2,1
600,2,0.0,-0.4481819140619506,2,1,-0.10592169004054174,2.0,3,1
851,3,1.0,3.337494126112716,0,0,-0.49713418354699607,2.0,0,0
616,3,1.0,0.3089532939729826,1,1,-0.36232103558963535,2.0,2,1
529,2,1.0,-0.523895434865444,2,1,-0.42133358337474414,2.0,3,1
863,3,0.0,-0.01668165152980672,8,2,0.7599348300478654,2.0,10,1
102,1,1.0,-0.6753224764724306,0,1,0.9173864122848584,2.0,1,1
475,1,1.0,-0.01668165152980672,0,0,0.4028071701759138,2.0,0,0
769,3,1.0,0.157526252365996,0,0,-0.4851790553319093,2.0,0,0
70,2,1.0,0.157526252365996,0,0,-0.4416827377834024,2.0,0,0
3,1,0.0,0.38466681477647596,1,0,0.42519124002543784,2.0,1,1
28,3,0.0,-0.01668165152980672,0,0,-0.49501380165761383,1.0,0,0
588,3,1.0,-0.5996089556689372,0,0,-0.491538166084615,2.0,0,0
367,3,0.0,-0.01668165152980672,0,0,-0.5082407520232417,0.0,0,0
281,3,1.0,-0.14532783084797732,0,0,-0.4955225305178303,2.0,0,0
316,2,0.0,-0.4481819140619506,1,0,-0.12627084444919995,2.0,1,1
90,3,1.0,-0.069614310044484,0,0,-0.491538166084615,2.0,0,0
829,1,0.0,2.428931876470796,0,0,0.972583493618344,2.0,0,0
39,3,0.0,-1.205317122096884,1,0,-0.4265897699585005,0.0,1,1
755,2,1.0,-2.2145783544074495,1,1,-0.3602861201487695,2.0,2,1
370,1,1.0,-0.3724683932584573,1,0,0.4728428549041927,0.0,1,1
538,3,1.0,-0.01668165152980672,0,0,-0.3602861201487695,2.0,0,0
858,3,0.0,-0.4481819140619506,0,3,-0.26345873872605113,0.0,3,1
227,3,1.0,-0.7131792368741773,0,0,-0.5078174896115416,2.0,0,0
212,3,1.0,-0.5996089556689372,0,0,-0.5078174896115416,2.0,0,0
843,3,1.0,0.3468100543747293,0,0,-0.5243511775685764,0.0,0,0
654,3,0.0,-0.9024630388829106,0,0,-0.5179920668158707,1.0,0,0
50,3,1.0,-1.7353117677213372,4,1,0.15225820651930944,2.0,5,1
840,3,1.0,-0.751035997275924,0,0,-0.49408181038569726,2.0,0,0
590,3,1.0,0.38466681477647596,0,0,-0.5103611339126238,2.0,0,0
875,3,0.0,-1.1296036012933905,0,0,-0.508326218471758,0.0,0,0
777,3,0.0,-1.8867388093283237,0,0,-0.40149315782630235,2.0,0,0
420,3,1.0,-0.01668165152980672,0,0,-0.4946760056944301,0.0,0,0
705,2,1.0,0.6875208979904492,0,0,-0.12627084444919995,2.0,0,0
190,2,0.0,0.157526252365996,0,0,-0.3908098517617568,2.0,0,0
824,3,1.0,-2.1138793717388036,4,1,0.15225820651930944,2.0,5,1
681,1,1.0,-0.22104135165147065,0,0,0.9060254793785048,0.0,0,0
27,1,1.0,-0.8267495180794172,3,2,4.6964787504027985,2.0,5,1
640,3,1.0,-0.751035997275924,0,0,-0.4955225305178303,2.0,0,0
250,3,1.0,-0.01668165152980672,0,0,-0.5078174896115416,2.0,0,0
258,1,0.0,0.38466681477647596,0,0,9.770117139790026,0.0,0,0
177,1,0.0,1.5203696268288758,0,0,-0.07107376311571456,0.0,0,0
883,2,1.0,-0.14532783084797732,0,0,-0.4416827377834024,2.0,0,0
358,3,0.0,-0.01668165152980672,0,0,-0.49501380165761383,1.0,0,0
482,3,1.0,1.5203696268288758,0,0,-0.491538166084615,2.0,0,0
729,3,0.0,-0.3724683932584573,1,0,-0.49408181038569726,2.0,1,1
798,3,1.0,0.006099210759009327,0,0,-0.5082407520232417,0.0,0,0
569,3,1.0,0.157526252365996,0,0,-0.4955225305178303,2.0,0,0
541,3,0.0,-1.5838847261143505,4,2,-0.01892905494352787,2.0,6,1
679,1,1.0,0.46038033557996927,0,1,9.770117139790026,0.0,1,1
319,1,0.0,0.7632344187939426,1,1,2.081612408890217,0.0,2,1
803,3,1.0,-2.2335067346083233,0,1,-0.4820412157220942,0.0,1,1
543,2,1.0,0.157526252365996,1,0,-0.12627084444919995,2.0,1,1
439,2,1.0,0.08181273156250266,0,0,-0.4416827377834024,2.0,0,0
470,3,1.0,-0.01668165152980672,0,0,-0.5078174896115416,2.0,0,0
757,2,1.0,-0.9024630388829106,0,0,-0.42133358337474414,2.0,0,0
599,1,1.0,1.4446561060253824,1,0,0.5031122220870718,0.0,1,1
379,3,1.0,-0.8267495180794172,0,0,-0.49713418354699607,2.0,0,0
854,2,0.0,1.0660885020079158,1,0,-0.12627084444919995,2.0,1,1
832,3,1.0,-0.01668165152980672,0,0,-0.5082407520232417,0.0,0,0
424,3,1.0,-0.9024630388829106,1,1,-0.24404157558930945,2.0,2,1
130,3,1.0,0.2332397731694893,0,0,-0.4946760056944301,0.0,0,0
672,2,1.0,3.0346400428987423,0,0,-0.4416827377834024,2.0,0,0
862,1,0.0,1.3689425852218893,0,0,-0.12771156458133293,2.0,0,0
267,3,1.0,-0.3724683932584573,1,0,-0.49713418354699607,2.0,1,1
817,2,1.0,0.08181273156250266,1,1,0.09765532049455677,0.0,2,1
660,1,1.0,1.5203696268288758,2,0,2.064315627642858,2.0,2,1
410,3,1.0,-0.01668165152980672,0,0,-0.4946760056944301,2.0,0,0
431,3,0.0,-0.01668165152980672,1,0,-0.3277274730949163,2.0,1,1
759,1,0.0,0.2332397731694893,0,0,1.1048529972746224,2.0,0,0
540,1,0.0,0.46038033557996927,0,2,0.78944110394042,2.0,2,1
324,3,1.0,-0.01668165152980672,8,2,0.7599348300478654,2.0,10,1
887,1,0.0,-0.8267495180794172,0,0,-0.04487422681456708,2.0,0,0
81,3,1.0,-0.069614310044484,0,0,-0.4620318921920606,2.0,0,0
613,3,1.0,-0.01668165152980672,0,0,-0.4976429124072125,1.0,0,0
238,2,1.0,-0.8267495180794172,0,0,-0.4416827377834024,2.0,0,0
643,3,1.0,-0.01668165152980672,0,0,0.49429289856635944,2.0,0,0
133,2,0.0,-0.069614310044484,1,0,-0.12627084444919995,2.0,1,1
259,2,0.0,1.5203696268288758,0,1,-0.12627084444919995,2.0,1,1
539,1,0.0,-0.5996089556689372,0,2,0.3519342841542682,0.0,2,1
456,1,1.0,2.6560724388812758,0,0,-0.11507880952443791,2.0,0,0
693,3,1.0,-0.3724683932584573,0,0,-0.508326218471758,0.0,0,0
688,3,1.0,-0.9024630388829106,0,0,-0.4967109211352959,2.0,0,0
408,3,1.0,-0.6753224764724306,0,0,-0.49713418354699607,2.0,0,0
708,1,0.0,-0.5996089556689372,0,0,2.42856549155784,2.0,0,0
43,2,0.0,-2.0381658509353104,1,2,0.19075270191416818,0.0,3,1
95,3,1.0,-0.01668165152980672,0,0,-0.491538166084615,2.0,0,0
99,2,1.0,0.3089532939729826,1,0,-0.12627084444919995,2.0,1,1
126,3,1.0,-0.01668165152980672,0,0,-0.4976429124072125,1.0,0,0
135,2,1.0,-0.523895434865444,0,0,-0.34917955167252385,0.0,0,0
782,1,1.0,-0.069614310044484,0,0,-0.04487422681456708,2.0,0,0
350,3,1.0,-0.523895434865444,0,0,-0.46762790965444156,2.0,0,0
847,3,1.0,0.38466681477647596,0,0,-0.4946760056944301,0.0,0,0
822,1,1.0,0.6118073771869559,0,0,-0.6553488590743137,2.0,0,0
445,1,1.0,-1.962452330131817,0,2,1.0103983272559536,2.0,2,1
712,1,1.0,1.3689425852218893,1,0,0.4028071701759138,2.0,1,1
330,3,0.0,-0.01668165152980672,2,0,-0.18223101907301006,1.0,2,1
188,3,1.0,0.7632344187939426,1,1,-0.3399369657401113,1.0,2,1
66,2,0.0,-0.069614310044484,0,0,-0.4416827377834024,2.0,0,0
801,2,0.0,0.08181273156250266,1,1,-0.1211835558470354,2.0,2,1
638,3,0.0,0.8389479395974359,0,5,0.15225820651930944,2.0,5,1
194,1,0.0,1.0660885020079158,0,0,-0.09125401954278088,0.0,0,0
46,3,1.0,-0.01668165152980672,1,0,-0.3399369657401113,1.0,1,1
733,2,1.0,-0.523895434865444,0,0,-0.3908098517617568,2.0,0,0
20,2,1.0,0.38466681477647596,0,0,-0.12627084444919995,2.0,0,0
780,3,0.0,-1.2810306429003773,0,0,-0.5082407520232417,0.0,0,0
568,3,1.0,-0.01668165152980672,0,0,-0.5082407520232417,0.0,0,0
397,2,1.0,1.2175155436149026,0,0,-0.12627084444919995,2.0,0,0
658,2,1.0,-0.523895434865444,0,0,-0.3908098517617568,2.0,0,0
532,3,1.0,-0.9781765596864039,1,1,-0.5082407520232417,0.0,2,1
427,2,0.0,-0.8267495180794172,0,0,-0.12627084444919995,2.0,0,0
57,3,1.0,-0.10747107044623067,0,0,-0.5082407520232417,0.0,0,0
153,3,1.0,0.8010911791956893,0,2,-0.3602861201487695,2.0,2,1
116,3,1.0,3.072496803300489,0,0,-0.4976429124072125,1.0,0,0
161,2,0.0,0.7632344187939426,0,0,-0.3348496771379467,2.0,0,0
79,3,0.0,0.006099210759009327,0,0,-0.40149315782630235,2.0,0,0
664,3,1.0,-0.751035997275924,1,0,-0.49408181038569726,2.0,1,1
781,1,0.0,-0.9781765596864039,1,0,0.5045529422192049,2.0,1,1
674,2,1.0,-0.01668165152980672,0,0,-0.6553488590743137,2.0,0,0
301,3,1.0,-0.01668165152980672,2,0,-0.18223101907301006,1.0,2,1
494,3,1.0,-0.6753224764724306,0,0,-0.491538166084615,2.0,0,0
11,1,0.0,2.1260777932568224,0,0,-0.11507880952443791,2.0,0,0
537,1,0.0,0.006099210759009327,0,0,1.5103098988671373,0.0,0,0
366,1,0.0,2.277504834863809,1,0,0.8759250101772174,0.0,1,1
492,1,1.0,1.8989372308463424,0,0,-0.03469964961023796,2.0,0,0
295,1,1.0,-0.01668165152980672,0,0,-0.09125401954278088,0.0,0,0
580,2,0.0,-0.3724683932584573,1,1,-0.04487422681456708,2.0,2,1
277,2,1.0,-0.01668165152980672,0,0,-0.6553488590743137,2.0,0,0
724,1,1.0,-0.22104135165147065,1,0,0.42519124002543784,2.0,1,1
296,3,1.0,-0.4860386744636973,0,0,-0.5082407520232417,0.0,0,0
877,3,1.0,-0.8267495180794172,0,0,-0.4946760056944301,2.0,0,0
448,3,0.0,-1.8867388093283237,2,1,-0.26345873872605113,0.0,3,1
738,3,1.0,-0.01668165152980672,0,0,-0.4946760056944301,2.0,0,0
272,2,0.0,0.8389479395974359,0,1,-0.2585403481054784,2.0,1,1
400,3,1.0,0.6875208979904492,0,0,-0.49408181038569726,2.0,0,0
709,3,1.0,-0.01668165152980672,1,1,-0.3451097207907922,0.0,2,1
263,1,1.0,0.7632344187939426,0,0,-0.6553488590743137,2.0,0,0
512,1,1.0,0.46038033557996927,0,0,-0.12042046255671068,2.0,0,0
855,3,0.0,-0.9024630388829106,0,1,-0.4650842653533593,2.0,1,1
459,3,1.0,-0.01668165152980672,0,0,-0.4976429124072125,1.0,0,0
852,3,0.0,-1.5838847261143505,1,1,-0.3451097207907922,0.0,2,1
752,3,1.0,0.2332397731694893,0,0,-0.4620318921920606,2.0,0,0
886,2,1.0,-0.22104135165147065,0,0,-0.3908098517617568,2.0,0,0
493,1,1.0,3.1103535637022355,0,0,0.3520197506027845,0.0,0,0
763,1,0.0,0.46038033557996927,1,2,1.7865496699646728,2.0,3,1
779,1,0.0,0.9903749812044226,0,1,3.645190560765493,2.0,1,1
531,3,1.0,-0.01668165152980672,0,0,-0.5082407520232417,0.0,0,0
384,3,1.0,-0.01668165152980672,0,0,-0.4946760056944301,2.0,0,0
266,3,1.0,-1.0538900804898972,4,1,0.15225820651930944,2.0,5,1
80,3,1.0,-0.5996089556689372,0,0,-0.4722064693963897,2.0,0,0
765,1,0.0,1.5960831476323691,1,0,0.9310366250621863,2.0,1,1
582,2,1.0,1.8232237100428492,0,0,-0.12627084444919995,2.0,0,0
604,1,1.0,0.38466681477647596,0,0,-0.11507880952443791,0.0,0,0
699,3,1.0,0.9146614604009292,0,0,-0.49967782784807835,2.0,0,0
577,1,0.0,0.6875208979904492,1,0,0.4821688723696808,2.0,1,1
687,3,1.0,-0.8267495180794172,0,0,-0.44838167941473267,2.0,0,0
52,1,0.0,1.4446561060253824,1,0,0.9060254793785048,0.0,1,1
545,1,1.0,2.580358918077782,0,0,-0.12627084444919995,2.0,0,0
359,3,0.0,-0.01668165152980672,0,0,-0.49501380165761383,1.0,0,0
100,3,0.0,-0.14532783084797732,0,0,-0.4946760056944301,2.0,0,0
835,1,0.0,0.6875208979904492,1,1,1.0368522279872092,0.0,2,1
310,1,0.0,-0.4481819140619506,0,0,1.0368522279872092,0.0,0,0
318,1,0.0,0.08181273156250266,0,2,2.699549076071619,2.0,2,1
430,1,1.0,-0.14532783084797732,0,0,-0.11507880952443791,2.0,0,0
317,2,1.0,1.8232237100428492,0,0,-0.3704606973530986,2.0,0,0
269,1,0.0,0.38466681477647596,0,0,2.1046741055815494,2.0,0,0
530,2,0.0,-2.1138793717388036,1,1,-0.12627084444919995,2.0,2,1
63,3,1.0,-1.962452330131817,3,2,-0.08760745107274936,2.0,5,1
812,2,1.0,0.38466681477647596,0,0,-0.4416827377834024,2.0,0,0
720,2,0.0,-1.8110252885248304,0,1,0.016173236411407586,2.0,1,1
591,1,0.0,1.6717966684358625,1,0,0.9373123042818167,0.0,1,1
101,3,1.0,-0.01668165152980672,0,0,-0.4946760056944301,2.0,0,0
120,2,1.0,-0.6753224764724306,2,0,0.8403139899620655,2.0,2,1
383,1,0.0,0.38466681477647596,1,0,0.4028071701759138,2.0,1,1
377,1,1.0,-0.22104135165147065,0,2,3.6484972983569,0.0,2,1
641,1,0.0,-0.4481819140619506,0,0,0.7548475414457009,0.0,0,0
159,3,1.0,-0.01668165152980672,8,2,0.7599348300478654,2.0,10,1
311,1,0.0,-0.9024630388829106,2,2,4.683760528897387,0.0,4,1
396,3,0.0,0.08181273156250266,0,0,-0.4955225305178303,2.0,0,0
725,3,1.0,-0.751035997275924,0,0,-0.4790743090093118,2.0,0,0
434,1,1.0,1.5203696268288758,1,0,0.4821688723696808,2.0,1,1
176,3,1.0,-0.01668165152980672,3,1,-0.1371230484953374,2.0,4,1
536,1,1.0,1.1418020228114092,0,0,-0.11507880952443791,2.0,0,0
346,2,0.0,0.7632344187939426,0,0,-0.3908098517617568,2.0,0,0
61,1,0.0,0.6118073771869559,0,0,0.972583493618344,2.0,0,0
506,2,0.0,0.2332397731694893,0,2,-0.12627084444919995,2.0,2,1
846,3,1.0,-0.01668165152980672,8,2,0.7599348300478654,2.0,10,1
82,3,0.0,-0.01668165152980672,0,0,-0.4968798191168878,1.0,0,0
154,3,1.0,-0.01668165152980672,0,0,-0.5065456674610005,2.0,0,0
723,2,1.0,1.5203696268288758,0,0,-0.3908098517617568,2.0,0,0
16,3,1.0,-2.1138793717388036,4,1,-0.06267973692214301,1.0,5,1
544,1,1.0,1.5203696268288758,1,0,1.5103098988671373,0.0,1,1
802,1,1.0,-1.4324576845073638,1,2,1.7865496699646728,2.0,3,1
375,1,0.0,-0.01668165152980672,1,0,1.0167574380086593,0.0,1,1
59,3,1.0,-1.4324576845073638,5,2,0.2990264826917568,2.0,7,1
649,3,0.0,-0.523895434865444,0,0,-0.5017127432889441,2.0,0,0
390,1,1.0,0.46038033557996927,1,2,1.7865496699646728,2.0,3,1
621,1,1.0,0.9146614604009292,1,0,0.4140846715491922,2.0,1,1
373,1,1.0,-0.5996089556689372,0,0,2.1046741055815494,0.0,0,0
550,1,1.0,-0.9781765596864039,0,2,1.6010325339672582,0.0,2,1
515,1,1.0,1.293229064418396,0,0,0.03694565323176592,2.0,0,0
808,2,1.0,0.6875208979904492,0,0,-0.3908098517617568,2.0,0,0
208,3,0.0,-1.0538900804898972,0,0,-0.4976429124072125,1.0,0,0
42,3,1.0,-0.01668165152980672,0,0,-0.4946760056944301,0.0,0,0
442,3,1.0,-0.3724683932584573,1,0,-0.49713418354699607,2.0,1,1
483,3,0.0,2.504645397274289,0,0,-0.460251341181303,2.0,0,0
218,1,0.0,0.157526252365996,0,0,0.8971227243247167,0.0,0,0
632,1,1.0,0.157526252365996,0,0,-0.03469964961023796,0.0,0,0
33,2,1.0,2.731785959684769,0,0,-0.4416827377834024,2.0,0,0
563,3,1.0,-0.01668165152980672,0,0,-0.491538166084615,2.0,0,0
606,3,1.0,0.006099210759009327,0,0,-0.4946760056944301,2.0,0,0
689,1,0.0,-1.1296036012933905,0,1,3.645190560765493,2.0,1,1
103,3,1.0,0.2332397731694893,0,0,-0.4792432069909037,2.0,0,0
525,3,1.0,0.8010911791956893,0,0,-0.4976429124072125,1.0,0,0
25,3,0.0,0.6118073771869559,1,5,-0.016639775072553806,2.0,6,1
507,1,1.0,-0.01668165152980672,0,0,-0.11507880952443791,2.0,0,0
349,3,1.0,0.9146614604009292,0,0,-0.4790743090093118,2.0,0,0
247,2,0.0,-0.4481819140619506,0,2,-0.3602861201487695,2.0,2,1
773,3,1.0,-0.01668165152980672,0,0,-0.508326218471758,0.0,0,0
574,3,1.0,-1.0538900804898972,0,0,-0.491538166084615,2.0,0,0
682,3,1.0,-0.751035997275924,0,0,-0.46762790965444156,2.0,0,0
646,3,1.0,-0.8267495180794172,0,0,-0.4946760056944301,2.0,0,0
261,3,1.0,-2.0381658509353104,4,2,-0.016639775072553806,2.0,6,1
785,3,1.0,-0.3724683932584573,0,0,-0.5078174896115416,2.0,0,0
181,2,1.0,-0.01668165152980672,0,0,-0.3490940852240074,0.0,0,0
870,3,1.0,-0.29675487245496396,0,0,-0.4946760056944301,2.0,0,0
553,3,1.0,-0.5996089556689372,0,0,-0.508326218471758,0.0,0,0
484,1,1.0,-0.3724683932584573,1,0,1.1980358451427502,0.0,1,1
421,3,1.0,-0.6753224764724306,0,0,-0.4979827432858371,1.0,0,0
428,3,1.0,-0.01668165152980672,0,0,-0.4976429124072125,1.0,0,0
290,1,0.0,-0.29675487245496396,0,0,0.9491819660483869,2.0,0,0
596,2,0.0,-0.01668165152980672,0,0,0.016173236411407586,2.0,0,0
361,2,1.0,-0.069614310044484,1,0,-0.09125401954278088,0.0,1,1
342,2,1.0,-0.14532783084797732,0,0,-0.3908098517617568,2.0,0,0
283,3,1.0,-0.8267495180794172,0,0,-0.491538166084615,2.0,0,0
453,1,1.0,1.4446561060253824,1,0,1.1578462651856503,0.0,1,1
675,3,1.0,-0.9024630388829106,0,0,-0.49713418354699607,2.0,0,0
195,1,0.0,2.1260777932568224,0,0,2.326225524205816,0.0,0,0
564,3,0.0,-0.01668165152980672,0,0,-0.491538166084615,2.0,0,0
652,3,1.0,-0.6753224764724306,0,0,-0.4837383351997763,2.0,0,0
2,3,0.0,-0.29675487245496396,0,0,-0.49408181038569726,2.0,0,0
472,2,0.0,0.2332397731694893,1,2,-0.09065982423404807,2.0,3,1
805,3,1.0,0.08181273156250266,0,0,-0.49713418354699607,2.0,0,0
245,1,1.0,1.0660885020079158,2,0,1.176075037704926,1.0,2,1
207,3,1.0,-0.29675487245496396,0,0,-0.2730391206216473,0.0,0,0
498,1,0.0,-0.3724683932584573,1,2,2.42856549155784,2.0,3,1
519,3,1.0,0.157526252365996,0,0,-0.4946760056944301,2.0,0,0
642,3,0.0,-2.1138793717388036,3,2,-0.08760745107274936,2.0,5,1
94,3,1.0,2.2017913140603156,0,0,-0.5078174896115416,2.0,0,0
697,3,0.0,-0.01668165152980672,0,0,-0.4979827432858371,1.0,0,0
351,1,1.0,-0.01668165152980672,0,0,0.05687154522872403,2.0,0,0
105,3,1.0,-0.14532783084797732,0,0,-0.4946760056944301,2.0,0,0
601,3,1.0,-0.01668165152980672,0,0,-0.4946760056944301,2.0,0,0
864,2,1.0,-0.4481819140619506,0,0,-0.3908098517617568,2.0,0,0
485,3,0.0,-0.01668165152980672,3,1,-0.1371230484953374,2.0,4,1
149,2,1.0,0.9146614604009292,0,0,-0.3908098517617568,2.0,0,0
753,3,1.0,-0.523895434865444,0,0,-0.4946760056944301,2.0,0,0
770,3,1.0,-0.4481819140619506,0,0,-0.4620318921920606,2.0,0,0
236,2,1.0,1.0660885020079158,1,0,-0.12627084444919995,2.0,1,1
405,2,1.0,0.3089532939729826,1,0,-0.22801661649249105,2.0,1,1
221,2,1.0,-0.22104135165147065,0,0,-0.3908098517617568,2.0,0,0
726,2,0.0,0.006099210759009327,3,0,-0.22801661649249105,2.0,3,1
499,3,1.0,-0.4481819140619506,0,0,-0.4967109211352959,2.0,0,0
882,3,0.0,-0.5996089556689372,0,0,-0.4413429069047778,2.0,0,0
825,3,1.0,-0.01668165152980672,0,0,-0.5139222359341391,1.0,0,0
818,3,1.0,0.9903749812044226,0,0,-0.5240968131384681,2.0,0,0
41,2,0.0,-0.22104135165147065,1,0,-0.22801661649249105,2.0,1,1
204,3,1.0,-0.9024630388829106,0,0,-0.491538166084615,2.0,0,0
554,3,0.0,-0.5996089556689372,0,0,-0.49713418354699607,2.0,0,0
609,1,0.0,0.7632344187939426,0,0,2.4674832493643986,2.0,0,0
827,2,1.0,-2.189592892542297,0,2,0.09765532049455677,0.0,2,1
312,2,0.0,-0.29675487245496396,1,1,-0.12627084444919995,2.0,2,1
585,1,0.0,-0.9024630388829106,0,2,0.9654612895753136,2.0,2,1
477,3,1.0,-0.069614310044484,1,0,-0.5119727869417896,2.0,1,1
246,3,0.0,-0.3724683932584573,0,0,-0.49713418354699607,2.0,0,0
659,1,1.0,2.1260777932568224,0,2,1.6497016065664465,0.0,2,1
624,3,1.0,-0.6753224764724306,0,0,-0.3277274730949163,2.0,0,0
4,3,1.0,0.38466681477647596,0,0,-0.491538166084615,2.0,0,0
521,3,1.0,-0.5996089556689372,0,0,-0.4946760056944301,2.0,0,0
623,3,1.0,-0.6753224764724306,0,0,-0.4955225305178303,2.0,0,0
86,3,1.0,-1.0538900804898972,1,3,0.04415332372331264,2.0,4,1
9,2,0.0,-1.205317122096884,1,0,-0.043433506682434106,0.0,1,1
67,3,1.0,-0.8267495180794172,0,0,-0.4893343526621573,2.0,0,0
542,3,0.0,-1.4324576845073638,4,2,-0.01892905494352787,2.0,6,1
374,3,0.0,-2.0381658509353104,3,1,-0.2264904299118417,2.0,4,1
71,3,0.0,-1.0538900804898972,5,2,0.2990264826917568,2.0,7,1
282,3,1.0,-1.0538900804898972,0,0,-0.4620318921920606,2.0,0,0
150,2,1.0,1.5960831476323691,0,0,-0.4004757001058695,2.0,0,0
458,2,0.0,1.5203696268288758,0,0,-0.4416827377834024,2.0,0,0
363,3,1.0,0.38466681477647596,0,0,-0.5118873204932732,2.0,0,0
232,2,1.0,2.2017913140603156,0,0,-0.3806352745574277,2.0,0,0
335,3,1.0,-0.01668165152980672,0,0,-0.4946760056944301,2.0,0,0
528,3,1.0,0.6875208979904492,0,0,-0.49408181038569726,2.0,0,0
617,3,0.0,-0.29675487245496396,1,0,-0.3277274730949163,2.0,1,1
23,1,1.0,-0.14532783084797732,0,0,0.06704612243305313,2.0,0,0
202,3,1.0,0.3089532939729826,0,0,-0.5231648218665517,2.0,0,0
171,3,1.0,-1.962452330131817,4,1,-0.06267973692214301,1.0,5,1
210,3,1.0,-0.4481819140619506,0,0,-0.5118873204932732,2.0,0,0
845,3,1.0,0.9146614604009292,0,0,-0.5017127432889441,2.0,0,0
647,1,1.0,1.9746507516498357,0,0,0.06704612243305313,0.0,0,0
578,3,0.0,-0.01668165152980672,1,0,-0.3611346798876105,0.0,1,1
438,1,1.0,2.580358918077782,1,4,4.6964787504027985,2.0,5,1
75,3,1.0,-0.3724683932584573,0,0,-0.49967782784807835,2.0,0,0
185,1,1.0,-0.01668165152980672,0,0,0.3621088613585973,2.0,0,0
170,1,1.0,2.3532183556673023,0,0,0.026347813615736695,2.0,0,0
187,1,1.0,1.1418020228114092,0,0,-0.11507880952443791,2.0,0,0
114,3,0.0,-0.9781765596864039,0,0,-0.3611346798876105,0.0,0,0
628,3,1.0,-0.29675487245496396,0,0,-0.4946760056944301,2.0,0,0
203,3,1.0,1.1796587832131558,0,0,-0.508326218471758,0.0,0,0
254,3,0.0,0.8389479395974359,0,2,-0.24404157558930945,2.0,2,1
229,3,0.0,-0.01668165152980672,3,1,-0.1371230484953374,2.0,4,1
264,3,0.0,-0.01668165152980672,0,0,-0.4976429124072125,1.0,0,0
605,3,1.0,0.46038033557996927,1,0,-0.33891950801967835,2.0,1,1
694,1,1.0,2.277504834863809,0,0,-0.11507880952443791,2.0,0,0
626,2,1.0,2.0503642724533293,0,0,-0.40403680212738463,1.0,0,0
758,3,1.0,0.3089532939729826,0,0,-0.491538166084615,2.0,0,0
619,2,1.0,-0.29675487245496396,0,0,-0.4416827377834024,2.0,0,0
334,1,0.0,-0.01668165152980672,1,0,2.064315627642858,2.0,1,1
889,1,1.0,-0.29675487245496396,0,0,-0.04487422681456708,0.0,0,0
816,3,0.0,-0.523895434865444,0,0,-0.49408181038569726,2.0,0,0
265,2,1.0,0.46038033557996927,0,0,-0.4416827377834024,2.0,0,0
444,3,1.0,-0.01668165152980672,0,0,-0.49026634393407387,2.0,0,0
451,3,1.0,-0.01668165152980672,1,0,-0.2490433977429576,2.0,1,1
565,3,1.0,-0.4481819140619506,2,0,-0.16391678010521768,2.0,2,1
731,3,1.0,-1.4324576845073638,0,0,-0.2730391206216473,0.0,0,0
333,3,1.0,-1.0538900804898972,2,0,-0.2890640797184657,2.0,2,1
426,2,0.0,-0.14532783084797732,1,0,-0.12627084444919995,2.0,1,1
557,1,1.0,-0.01668165152980672,0,0,3.974592497755648,0.0,0,0
241,3,0.0,-0.01668165152980672,1,0,-0.3399369657401113,1.0,1,1
630,1,1.0,3.7917752509336755,0,0,-0.04487422681456708,2.0,0,0
353,3,1.0,-0.3724683932584573,1,0,-0.29313391060019733,2.0,1,1
814,3,1.0,0.04395597116075599,0,0,-0.491538166084615,2.0,0,0
121,3,1.0,-0.01668165152980672,0,0,-0.491538166084615,2.0,0,0
868,3,1.0,-0.01668165152980672,0,0,-0.4620318921920606,2.0,0,0
807,3,0.0,-0.9024630388829106,0,0,-0.49713418354699607,2.0,0,0
178,2,1.0,0.006099210759009327,0,0,-0.3908098517617568,2.0,0,0
741,1,1.0,0.46038033557996927,1,0,0.9491819660483869,2.0,1,1
119,3,0.0,-2.1138793717388036,4,2,-0.01892905494352787,2.0,6,1
842,1,0.0,0.006099210759009327,0,0,-0.024525072405908854,0.0,0,0
1,1,0.0,0.6118073771869559,1,0,0.7952060193843927,0.0,1,1
677,3,0.0,-0.9024630388829106,0,0,-0.4550785861306221,2.0,0,0
503,3,0.0,0.5360938563834626,0,0,-0.460251341181303,2.0,0,0
511,3,1.0,-0.01668165152980672,0,0,-0.491538166084615,2.0,0,0
666,2,1.0,-0.3724683932584573,0,0,-0.3908098517617568,2.0,0,0
771,3,1.0,1.3689425852218893,0,0,-0.4955225305178303,2.0,0,0
37,3,1.0,-0.6753224764724306,0,0,-0.491538166084615,2.0,0,0
200,3,1.0,-0.14532783084797732,0,0,-0.4620318921920606,2.0,0,0
226,2,1.0,-0.8267495180794172,0,0,-0.4416827377834024,2.0,0,0
389,2,0.0,-0.9781765596864039,0,0,-0.411159006170415,0.0,0,0
584,3,1.0,-0.01668165152980672,0,0,-0.478056851288879,0.0,0,0
673,2,1.0,0.08181273156250266,0,0,-0.3908098517617568,2.0,0,0
860,3,1.0,0.8389479395974359,2,0,-0.36825688393064093,2.0,2,1
362,3,0.0,1.1418020228114092,0,1,-0.36121811142068605,0.0,1,1
184,3,0.0,-1.962452330131817,0,2,-0.20715873322361641,2.0,2,1
736,3,0.0,1.3689425852218893,1,3,0.04415332372331264,2.0,4,1
487,1,1.0,2.1260777932568224,0,0,-0.050978973137164554,0.0,0,0
874,2,0.0,-0.14532783084797732,1,0,-0.1669691532665164,0.0,1,1
620,3,1.0,-0.22104135165147065,1,0,-0.36121811142068605,0.0,1,1
447,1,1.0,0.3089532939729826,0,0,-0.11507880952443791,2.0,0,0
597,3,1.0,1.4446561060253824,0,0,-0.6553488590743137,2.0,0,0
561,3,1.0,0.7632344187939426,0,0,-0.4946760056944301,2.0,0,0
778,3,1.0,-0.01668165152980672,0,0,-0.49789727683732066,1.0,0,0
402,3,0.0,-0.6753224764724306,1,0,-0.4554184170092467,2.0,1,1
30,1,1.0,0.7632344187939426,0,0,-0.09125401954278088,0.0,0,0
740,1,1.0,-0.01668165152980672,0,0,-0.04487422681456708,2.0,0,0
139,1,1.0,-0.4481819140619506,0,0,0.9563041700914174,0.0,0,0
97,1,1.0,-0.523895434865444,0,1,0.6339389706957764,0.0,1,1
573,3,0.0,-0.01668165152980672,0,0,-0.4976429124072125,1.0,0,0
18,3,0.0,0.08181273156250266,1,0,-0.2890640797184657,2.0,1,1
337,1,0.0,0.8389479395974359,0,0,2.081612408890217,0.0,0,0
323,2,0.0,-0.5996089556689372,1,1,-0.0652233812232253,2.0,2,1
392,3,1.0,-0.14532783084797732,2,0,-0.49408181038569726,2.0,2,1
615,2,0.0,-0.4481819140619506,1,2,0.6673461774884706,2.0,3,1
83,1,1.0,-0.14532783084797732,0,0,0.30309631357348854,2.0,0,0
748,1,1.0,-0.8267495180794172,1,0,0.42519124002543784,2.0,1,1
336,1,1.0,-0.069614310044484,1,0,0.6999048245423236,2.0,1,1
608,2,0.0,-0.5996089556689372,1,2,0.19075270191416818,0.0,3,1
637,2,1.0,0.08181273156250266,1,1,-0.1211835558470354,2.0,2,1
287,3,1.0,-0.5996089556689372,0,0,-0.4946760056944301,2.0,0,0
398,2,1.0,-0.523895434865444,0,0,-0.4416827377834024,2.0,0,0
809,1,0.0,0.2332397731694893,1,0,0.42519124002543784,2.0,1,1
112,3,1.0,-0.5996089556689372,0,0,-0.491538166084615,2.0,0,0
890,3,1.0,0.157526252365996,0,0,-0.4976429124072125,1.0,0,0
502,3,0.0,-0.01668165152980672,0,0,-0.5001010902597783,1.0,0,0
867,1,1.0,0.08181273156250266,0,0,0.37219797211441014,2.0,0,0
880,2,0.0,-0.3724683932584573,0,1,-0.12627084444919995,2.0,1,1
291,1,0.0,-0.8267495180794172,1,0,1.1980358451427502,0.0,1,1
127,3,1.0,-0.4481819140619506,0,0,-0.5100213030339993,2.0,0,0
806,1,1.0,0.6875208979904492,0,0,-0.6553488590743137,2.0,0,0
795,2,1.0,0.6875208979904492,0,0,-0.3908098517617568,2.0,0,0
302,3,1.0,-0.8267495180794172,0,0,-0.6553488590743137,2.0,0,0
69,3,1.0,-0.29675487245496396,2,0,-0.4790743090093118,2.0,2,1
739,3,1.0,-0.01668165152980672,0,0,-0.4946760056944301,2.0,0,0
526,2,0.0,1.5203696268288758,0,0,-0.4416827377834024,2.0,0,0
730,1,0.0,-0.069614310044484,0,0,3.645190560765493,2.0,0,0
321,3,1.0,-0.22104135165147065,0,0,-0.4946760056944301,2.0,0,0
142,3,0.0,-0.4481819140619506,1,0,-0.33281476169708085,2.0,1,1
815,1,1.0,-0.01668165152980672,0,0,-0.6553488590743137,2.0,0,0
471,3,1.0,0.6118073771869559,0,0,-0.4790743090093118,2.0,0,0
243,3,1.0,-0.5996089556689372,0,0,-0.5103611339126238,2.0,0,0
575,3,1.0,-0.8267495180794172,0,0,-0.3602861201487695,2.0,0,0
29,3,1.0,-0.01668165152980672,0,0,-0.4946760056944301,2.0,0,0
214,3,1.0,-0.01668165152980672,1,0,-0.4976429124072125,1.0,1,1
548,3,1.0,0.2332397731694893,1,1,-0.23768246483660374,2.0,2,1
794,3,1.0,-0.3724683932584573,0,0,-0.4946760056944301,2.0,0,0
87,3,1.0,-0.01668165152980672,0,0,-0.491538166084615,2.0,0,0
196,3,1.0,-0.01668165152980672,0,0,-0.4976429124072125,1.0,0,0
158,3,1.0,-0.01668165152980672,0,0,-0.4790743090093118,2.0,0,0
663,3,1.0,0.46038033557996927,0,0,-0.5028156674578934,2.0,0,0
878,3,1.0,-0.01668165152980672,0,0,-0.4946760056944301,2.0,0,0
516,2,0.0,0.3089532939729826,0,0,-0.4416827377834024,2.0,0,0
555,1,1.0,2.428931876470796,0,0,-0.11507880952443791,2.0,0,0
148,2,1.0,0.49823709598171595,0,2,-0.12627084444919995,2.0,2,1
124,1,1.0,1.8232237100428492,0,1,0.9173864122848584,2.0,1,1
74,3,1.0,0.157526252365996,0,0,0.49429289856635944,2.0,0,0
691,3,0.0,-1.962452330131817,0,1,-0.38233035911966895,0.0,1,1
407,2,1.0,-2.0381658509353104,1,1,-0.27380221391197207,2.0,2,1
524,3,1.0,-0.01668165152980672,0,0,-0.5082407520232417,0.0,0,0
104,3,1.0,0.5360938563834626,2,0,-0.49408181038569726,2.0,2,1
347,3,0.0,-0.01668165152980672,1,0,-0.3277274730949163,2.0,1,1
215,1,0.0,0.08181273156250266,1,0,1.6497016065664465,0.0,1,1
64,1,1.0,-0.01668165152980672,0,0,-0.09125401954278088,0.0,0,0
743,3,1.0,-0.4481819140619506,1,0,-0.3277274730949163,2.0,1,1
164,3,1.0,-2.189592892542297,4,1,0.15225820651930944,2.0,5,1
339,1,1.0,1.1418020228114092,0,0,0.06704612243305313,2.0,0,0
598,3,1.0,-0.01668165152980672,0,0,-0.508326218471758,0.0,0,0
644,3,0.0,-2.2085212727431704,2,1,-0.26345873872605113,0.0,3,1
395,3,1.0,-0.5996089556689372,0,0,-0.4967109211352959,2.0,0,0
56,2,0.0,-0.6753224764724306,0,0,-0.4416827377834024,2.0,0,0
488,3,1.0,0.006099210759009327,0,0,-0.491538166084615,2.0,0,0
237,2,0.0,-1.6595982469178439,0,2,-0.1211835558470354,2.0,2,1
486,1,0.0,0.38466681477647596,1,0,1.176075037704926,2.0,1,1
704,3,1.0,-0.29675487245496396,1,0,-0.4955225305178303,2.0,1,1
735,3,1.0,-0.10747107044623067,0,0,-0.3277274730949163,2.0,0,0
467,1,1.0,1.9746507516498357,0,0,-0.11507880952443791,2.0,0,0
166,1,0.0,-0.01668165152980672,0,1,0.4638546334018884,2.0,1,1
879,1,0.0,1.9746507516498357,0,1,1.0368522279872092,0.0,1,1
35,1,1.0,0.9146614604009292,1,0,0.4028071701759138,2.0,1,1
853,1,0.0,-1.0538900804898972,0,1,0.14640782462682017,2.0,1,1
838,3,1.0,0.157526252365996,0,0,0.49429289856635944,2.0,0,0
783,3,1.0,-0.01668165152980672,1,2,-0.17816118819127844,2.0,3,1
742,1,0.0,-0.6753224764724306,2,2,4.683760528897387,0.0,4,1
657,3,0.0,0.157526252365996,1,1,-0.3399369657401113,1.0,2,1
7,3,1.0,-2.1138793717388036,3,1,-0.2264904299118417,2.0,4,1
372,3,1.0,-0.8267495180794172,0,0,-0.491538166084615,2.0,0,0
839,1,1.0,-0.01668165152980672,0,0,-0.050978973137164554,0.0,0,0
385,2,1.0,-0.9024630388829106,0,0,0.8403139899620655,2.0,0,0
810,3,1.0,-0.29675487245496396,0,0,-0.49484490367602196,2.0,0,0
662,1,1.0,1.293229064418396,0,0,-0.1346648706427715,2.0,0,0
